kandung,spf,tinggi,tongkol,jagung,bisa,jadi,gel,tabir,surya,kandung,spf,tinggi,rupa,simpan,tongkol,tongkol,jagung,bonggol,jagung,biasa,jadi,limbah,buang,dasar,data,badan,pusat,statistik,tahun,produksi,jagung,tahun,besar,ton,angka,sebut,naik,besar,ributon,banding,tahun,tingkat,produksi,sebab,ada,tingkat,produktivitas,besar,kuintal,per,hektar,tak,ayal,limbah,tongkol,limpah,kira,limbah,tongkol,jagung,hasil,indonesia,juta,ton,per,tahun,bagi,besar,limbah,sebut,buang,bakar,jika,manfaat,limbah,tongkol,jagung,pakan,ternak,awal,peduli,indri,kusuma,dewi,manfaat,limbah,tongkol,jagung,hasil,bimbing,antar,tiga,mahasiswa,politeknik,sehat,poltekkes,menteri,sehat,surakarta,jawa,tengah,laku,inovasi,buat,gel,tabir,surya,saya,bimbing,tiga,mahasiswa,buat,karya,tulis,ilmiah,yang,kejut,memang,tes,laboratorim,lihat,angka,spf,nya,kandung,spf,tongkol,tinggi,nyata,spf,nya,kategori,ultra,ultra,kategori,spf,paling,tinggi,papar,indri,profesi,dosen,politeknik,sehat,poltekkes,menteri,sehat,surakarta,bincang,acara,the,st,technofarmalkes,indonesian,health,tech,innovation,hotel,sultan,jakarta,tulis,jumat,tongkol,jagung,kandung,zat,dua,zat,sebut,peran,antioksidan,lindung,kulit,papar,sinar,ultraviolet,uv,dari,jurnal,judul,publikasi,jurnal,senyawa,senyawa,fenolik,peran,bahan,aktif,tabir,surya,tongkol,jagung,rupa,bagi,simpan,makan,tumbuh,biji,jagung,lama,lekat,tongkol,oleh,tongkol,jagung,duga,milik,senyawa,senyawa,aktif,potensi,bahan,aktif,tabir,surya,sayang,manfaat,tongkol,jagung,arah,produk,cantik,makanya,mahasiswa,kembang,tongkol,jagung,arah,gel,tabir,surya,jelas,indri,spf,tinggi,tentu,berapa,besar,produk,tentu,hasil,lindung,kulit,kalau,menit,kulit,aman,kena,papar,uv,guna,tabir,surya,namun,selang,menit,kulit,bakar,bila,lindung,tabir,surya,kandung,spf,tinggi,angka,kira,kira,tahan,beri,lindung,kulit,menit,hitung,angka,spf,kali,papar,sinar,uv,menit,hasil,kira,kira,menit,jam,arti,gel,tabir,surya,tongkol,jagung,beri,tahan,kulit,lama,jam,sinar,uv,indri,terang,gel,tabir,surya,bahan,tongkol,jagung,baru,uji,laboratorium,meski,produk,sebut,pamer,ajang,inovasi,pamer,alat,sehat,gel,sebut,produksi,luar,tidak,diperjualbelikan,produk,gel,tabir,surya,tongkol,jagung,produksi,massal,kami,enggak,punya,izin,edar,kamus,sasar,soal,bisnis,buka,peluang,bisnis,lewat,produk,sendiri,kalau,acara,pajang,enggak,jual,paling,kalang,sendiri,tutur,indri,senyum,gel,tabir,surya,laku,uji,coba,manusia,berapa,besar,efek,guna,manusia,tahu,jelas,iya,baru,uji,laboratorium,in,vitro,mana,lihat,analis,tentu,nilai,spf,ini,oleh,hasil,spf,uji,coba,tahap,manusia,lanjut,indri,walaupun,uji,coba,manusia,guna,limbah,tongkol,jagung,punya,nilai,beda,banding,tabir,surya,bahan,kimia,ini,guna,bahan,lokal,dari,segi,harga,lebih,murah,ekonomis,ramah,lingkung,indri,harap,gel,tabir,surya,bahan,baku,tongkol,jagung,produksi,massal,masyarakat,manfaat,untuk,temu,rinci,apa,khasiat,gel,sebut,laku,studi,lebih,lanjut,siapa,tahu,kerjasama,industri,pakai,saat,kan,manfaat,gel,tabir,surya,lanjut,sedang,ambil,s,soal,zat,aktif,kandung,tongkol,jagung,lalu,uji,coba,kait,proses,ucap,indri,ambil,s,universitas,gadjah,mada,yogyakarta,hadir,gel,tabir,surya,limbah,tongkol,jagung,tunjuk,produk,sebut,kalah,produk,industri,tabir,surya,bahan,kimia,produk,lokal,kompetisi,produk,sintetis,kimia,ya,bilang,produk,enggak,kalah,produk,industri,tabir,surya,bahan,sintetis,kimia,kami,berani,kompetisi,tapi,memang,perlu,teliti,lebih,lanjut,manfaat,banding,uji,klinis,manusia,indri,terang,proses,buat,gel,tabir,surya,butuh,proses,limbah,jagung,limbah,lalu,proses,ekstrasi,rangkai,uji,parameter,tongkol,jagung,kering,uji,kadar,air,lebih,kadar,air,bagus,konsentrasi,persen,kalau,kadar,bagus,diekstrasi,butuh,lima,hari,kalau,buat,gel,tabir,surya,tinggal,campur,campur,bahan,enggak,lama,sih,nyampur,nyampurnya,tutup,indri

tan,tegas,agar,tani,lapor,jika,terima,benih,rusak,tak,mutu,dalam,kurun,waktu,lima,tahun,produksi,jagung,indonesia,alami,tingkat,catat,produksi,jagung,tingkat,juta,ton,jadi,juta,ton,direktur,benih,tanam,pangan,menteri,tani,tan,tegas,upaya,tingkat,produksi,imbang,sedia,benih,jagung,kualitas,oleh,tan,tak,segan,tindak,tegas,pihak,main,kualitas,benih,jagung,salur,tani,tan,komitmen,selalu,baik,tingkat,kualitas,benih,benih,baik,tentu,produksi,tinggi,tegas,direktur,benih,tanam,pangan,takdir,mulyadi,jakarta,sabtu,bagaimana,cara,pasti,benih,kualitas,takdir,sebut,unit,laksana,teknis,daerah,tugas,awas,edar,benih,nama,balai,awas,sertifikasi,benih,bpsb,fungsi,ecek,kontrol,kualitas,benih,edar,cara,atur,benih,bantu,perintah,mutlak,sertifikasi,bpsb,ingat,benih,pondasi,tani,jadi,perijinannya,wajib,atur,ketat,perintah,kata,takdir,lebih,lanjut,takdir,tegas,uji,bpsb,bentuk,tegas,benih,sebar,masyarakat,layak,jamin,kualitas,pasal,benih,sertifikasi,sangat,rentan,palsu,jadi,tegas,perlu,digarisbawahi,perintah,maksud,lindung,tani,guna,benih,kualitas,kami,laku,proses,sertifikasi,jamin,benih,edar,rupa,benih,mutu,beri,hasil,maksimal,sesuai,potensi,terang,kait,ada,kasus,lapang,soal,benih,sesuai,takdir,imbau,tani,tolak,benih,jelek,rusak,kedaluwarsa,mutu,utama,tani,dapat,bantu,tan,harus,benih,dapat,sesuai,apa,usul,jadi,kalau,terima,beda,oknum,tentu,bertanggungjawab,ucap,oleh,takdir,menghimbau,tani,jangan,segan,segan,lapor,bila,edar,benih,jelek,palsu,label,kedaluwarsa,penuh,standar,mutu,benih,tugas,lapang,awas,benih,tanam,gerak,lapang,awal,kontrol,edar,benih,tutur,seperti,hal,jadi,nusa,tenggara,barat,takdir,aku,perintah,main,main,tindak,kami,rekan,benih,sana,bentuk,nya,kurang,alokasi,bantu,benih,tegas

tan,tindak,tegas,pihak,seleweng,benih,jagung,produksi,indonesia,alami,tingkat,lama,kurun,waktu,tahun,akhir,catat,produksi,besar,juta,ton,tahun,tingkat,jadi,juta,ton,tahun,direktur,benih,tanam,pangan,menteri,tani,tan,takdir,mulyadi,tegas,tentu,upaya,tingkat,produksi,imbang,sedia,benih,jagung,kualitas,oleh,tan,tak,segan,tindak,tegas,pihak,main,kualitas,benih,salur,tani,tan,komitmen,selalu,baik,tingkat,kualitas,benih,benih,baik,tentu,produksi,tinggi,kata,terang,tulis,jakarta,sabtu,bagaimana,cara,pasti,benih,kualitas,takdir,sebut,unit,laksana,teknis,daerah,tugas,awas,edar,benih,nama,balai,awas,sertifikasi,benih,bpsb,fungsi,ecek,kontrol,kualitas,benih,edar,cara,atur,benih,bantu,perintah,mutlak,sertifikasi,bpsb,ujar,ingat,benih,pondasi,tani,jadi,perijinannya,wajib,atur,ketat,perintah,lanjut,takdir,lebih,lanjut,takdir,tegas,lalu,uji,bpsb,bentuk,tegas,benih,sebar,masyarakat,layak,jamin,kualitas,pasal,benih,sertifikasi,sangat,rentan,palsu,jadi,tegas,perlu,digarisbawahi,perintah,maksud,lindung,tani,guna,benih,kualitas,kita,laku,proses,sertifikasi,jamin,benih,edar,rupa,benih,mutu,beri,hasil,maksimal,sesuai,potensi,terang,kait,ada,kasus,lapang,soal,benih,sesuai,takdir,menghimbau,tani,tolak,benih,jelek,rusak,kadaluwarsa,mutu,utama,tani,dapat,bantu,tan,harus,benih,dapat,sesuai,apa,usul,jadi,kalau,terima,beda,oknum,tentu,bertanggungjawab,ucap,karena,takdir,menghimbau,tani,jangan,segan,segan,lapor,bila,edar,benih,jelek,palsu,label,kadaluwarsa,penuh,standar,mutu,benih,tugas,lapang,awas,benih,tanam,gerak,lapang,awal,kontrol,edar,benih,tutur,seperti,hal,jadi,nusa,tenggara,barat,takdir,aku,perintah,main,main,tindak,kami,blacklist,rekan,benih,sana,bentuk,punishmentnya,kurang,alokasi,bantu,benih,tegas

baik,jagung,tubuh,bisa,tingkat,sehat,jantung,jakarta,rupa,salah,satu,jenis,sayur,dapat,harga,murah,tidak,jagung,milik,gudang,manfaat,sehat,tubuh,cara,konsumsi,jagung,bagai,cara,rebus,maupun,bakar,selain,olah,jadi,bagai,menu,masakan,mulai,sayur,minum,jus,bubur,aneka,camil,hingga,puding,jagung,jadi,ganti,beras,gula,alas,jagung,milik,zat,zat,gizi,penting,sehat,tubuh,karbohidrat,protein,lemak,serat,jagung,meiliki,kandung,lemak,baik,selain,jadi,menu,diet,jagung,benar,konsumsi,tambah,berat,badan,jagung,milik,kandung,kalsium,fosfor,zat,besi,mineral,mangan,magnesium,seng,tembaga,tentu,dapat,bagai,vitamin,a,b,c,di,samping,jagung,kandung,antioksidan,sepert,asam,ferulat,antosian,bagai,saking,banyak,nutrisi,milik,gudang,manfaat,sehat,tubuh,manusia,ikut,ulas,lengkap,biasa,orang,ira,sayur,paling,penting,mata,wortel,namun,benar,jagung,mampu,jaga,sehat,indera,lihat,jagung,milik,kandung,antioksidan,vitamin,a,cukup,tinggi,dengan,konsumsi,jagung,anda,jaga,asupan,lutein,zeaxanthin,dua,kandung,sebut,percaya,tingkat,sehat,mata,utama,lensa,retina,sehingga,kurang,risiko,katarak,makula,tak,semua,orang,dunia,turun,berat,badan,tetapi,justru,tambah,berat,badan,terkadang,usaha,tambah,ukur,tubuh,makan,banyak,hingga,konsumsi,obat,gemuk,badan,tentu,cara,sebut,sedikit,rawan,sehat,tubuh,anda,konsumsi,jagung,tambah,berat,badan,sayur,kandung,lebih,kalori,per,gram,jagung,milik,manfaat,jaga,sehat,jantung,bagai,teliti,temu,jagung,turun,kadar,kolesterol,jahat,hdl,jaga,sehat,jantung,buluh,darah,sayur,satu,kaya,vitamin,c,karotenoid,bioflavonoid,mampu,tingkat,sehat,jantung,kendali,kadar,kolesterol,darah,jagung,milik,sifat,anti,atherogenc,lindung,anda,sakit,kardiovaskular,jagung,kandung,serat,tinggi,bantu,lancar,sistem,cerna,cegah,sembelit,kemudian,serat,jagung,tingkat,produksi,asam,lambung,empedu,sangat,baik,tekstur,tinja,mudah,buang,selain,jagung,percaya,cegah,turun,risiko,kanker,usus,iritasi,usus,kandung,serat,jagung,mampu,jaga,sehat,usus,anda,buah,teliti,journal,of,agriculture,and,food,chemistry,nyata,jagung,kaya,antioksidan,mampu,lawan,radikal,bebas,sebab,kanker,selain,jagung,kaya,asal,ferulat,agen,antikarsinogenik,bukti,efektif,lawan,tumor,sebab,kanker,payudara,hati,sadur,tulis,novie,rachmayanti,editor,yus,mei,sawitri,published

kunjung,sleman,bella,saphira,nostalgia,kebun,jagung,rupa,punya,alam,sendiri,jagung,ia,ungkap,ada,buah,kebun,jagung,sleman,siap,panen,kena,baju,motif,batik,padu,celana,jeans,biru,asyik,potret,teman,kebun,jagung,ia,tampak,nikmat,potret,tengah,kebun,jagung,suasana,desa,kenang,bella,november,bella,ungkap,diri,hampir,hari,makan,jagung,pulut,tujuh,buah,per,hari,lanjut,bella,saphira,ungkap,senang,lihat,kebun,jagung,memori,makan,jagung,nikmat,hampir,hari,selain,bentuk,jagung,sangat,indah,kata,bella,kutip,data,google,bella,sebut,lima,provinsi,hasil,jagung,besar,indonesia,jawa,timur,jawa,tengah,lampung,sulawesi,selatan,nusa,tenggara,barat,tandas,bella,saphira

impor,jagung,jadi,polemik,perintah,ingin,adil,konsumen,produsen,polemik,data,pangan,jadi,soal,menteri,lembaga,salah,satu,kena,data,ujung,putus,impor,penuh,butuh,pakan,ternak,sekretaris,menteri,koordinator,bidang,ekonomi,susiwijono,kata,masalah,data,jagung,letak,metode,ukur,butuh,konsumsi,negeri,fokus,usaha,pakan,besar,sehingga,data,betul,betul,akurat,soal,kami,kemenko,ekonomi,nilai,sangat,penting,data,neraca,akurat,kait,komoditi,pangan,strategis,ini,penting,jadi,dasar,ambil,bijak,kita,butuh,dasar,ambil,bijak,akurat,ujar,kantor,jakarta,kamis,susiwijono,kata,ambil,putus,laku,sangat,hati,hati,kait,bijak,pangan,perintah,timbang,penting,produsen,konsumen,perlu,impor,jaga,penting,produsen,sisi,konsumen,ini,mudah,penting,penting,beda,putus,ambil,jaga,kalau,harga,terlalu,tinggi,berat,ternak,komponen,masyarakat,tutur,belum,menteri,koordinator,bidang,ekonomi,darmin,nasution,angkat,suara,kait,debat,impor,jagung,banyak,ton,hingga,ton,akhir,debat,picu,ada,klaim,produksi,jagung,surplus,juta,ton,tahun,turut,darmin,impor,jagung,laku,atas,minta,menteri,tani,tan,rapat,buat,minta,menteri,tani,surat,usul,menteri,tani,jangan,mulai,belok,belok,jadi,sederhana,ujar,beberapa,waktu,lalu,dia,kata,meski,klaim,produksi,surplus,nyata,harga,pasar,naik,hal,kemudian,picu,gelisah,masyarakat,ancam,laku,demo,begini,laku,impor,mendag,rekomendasi,tan,walaupun,bilang,produksi,surplus,juta,ton,harga,naik,harga,naik,banyak,marah,mau,demo,segala,macam,kemudian,tan,bilang,minta,impor,deh,berapa,ton,bikin,surat,dong,jangan,tiba,tiba,enggak,ngaku,kata,reporter,dwi,aditya,putra,sumber,merdeka,com,usaha,makan,ternak,ingat,pakan,tinggi,meski,kendala,suplai,mulai,pasuk,masa,panen,kalau,jawa,timur,rp,per,kilogram,belum,rp,an,kata,dewan,bina,gabung,usaha,makan,ternak,sudirman,kutip,antara,kamis,sudirman,jelas,harga,kisar,jagung,pakan,rp,per,kilogram,kg,masuk,tinggi,kondisi,normal,jelang,masa,panen,harga,jagung,tingkat,pabrik,pakan,rp,per,kg,kalaupun,tingkat,tani,acu,rp,per,kilogram,normal,tinggi,itu,harga,timbang,untung,tani,wajar,terima,pabrik,pakan,jelas,kena,komoditas,jagung,mulai,pasuk,masa,panen,sudirman,kata,memang,sesuai,mana,musim,panen,jadi,maret,mei,ia,justru,harap,ada,pasok,jagung,jaga,hingga,akhir,tahun,jadi,langka,naik,harga,periode,november,januari,penuh,lalu,peran,bulog,bulog,mesti,isi,stok,panen,bulog,bantu,pabrik,pakan,ujar,dalam,sempat,sudirman,ingat,butuh,jagung,pakan,ternak,tingkat,proyeksi,capai,juta,ton,lebih,jauh,nilai,tani,telanjur,dapat,janji,harga,tinggi,buat,harga,tingkat,pabrik,pakan,ikut,lonjak

amat,benar,impor,jagung,turun,ikut,naik,gandum,presiden,joko,widodo,jokowi,debat,calon,presiden,capres,langsung,pekan,lalu,nyata,perintah,impor,besar,ton,impor,jagung,turun,banding,periode,belum,hal,benar,ketua,pusat,kaji,tani,pangan,advokasi,pataka,yeka,hendra,fatika,kata,dasar,data,menteri,tani,tan,impor,jagung,pakan,ternak,masa,pimpin,jokowi,memang,turun,tahun,tahun,meski,catat,turun,imbas,turun,jagung,dampak,salah,satu,kait,impor,gandum,sebab,impor,jagung,kendali,otomatis,ternak,cari,alternatif,pakan,ternak,jadi,kalau,pak,jokowi,bilang,hasil,turun,fakta,bukan,tetapi,pernah,buka,publik,impor,gandum,pakan,tingkat,jagung,kendali,ujar,diskusi,gelar,menteri,koordinator,bidang,ekonomi,jakarta,kamis,belum,juru,kampanye,nasional,prabowo,sandiaga,anggawira,kata,turun,impor,jagung,tak,ikut,komoditas,gandum,catat,jadi,naik,impor,gandum,bijak,henti,impor,jagung,sejak,perlu,industri,pakan,nyata,ikut,tingkat,impor,gandum,perlu,pakan,rata,rata,juta,ton,per,tahun,rp,triliun,kata,anggawira,reporter,dwi,aditya,putra,sumber,merdeka,com,menteri,dagang,mendag,nyata,data,turun,impor,jagung,sebut,calon,presiden,capres,tahan,joko,widodo,jokowi,debat,lalu,tepat,enggartiasto,ungkap,kata,besar,ribu,ton,rupa,jagung,pakan,ternak,sedang,data,badan,pusat,statistik,bps,catat,impor,jagung,tahun,lalu,besar,ribu,ton,rupa,total,impor,jagung,seluruh,masuk,butuh,industri,dua,dua,benar,itu,jenis,jagung,industri,soal,debat,pakan,ujar,jakarta,selasa,enggartiasto,tutur,memang,indonesia,ekspor,baik,pakan,maupun,industri,namun,pakan,ternak,jumlah,turun,drastis,ribu,ton,betul,iya,pokok,jenis,jagung,tentu,industri,beda,kata

kemendag,minta,revisi,atur,acu,harga,jagung,presidium,agri,watch,dean,novel,minta,menteri,dagang,kemendag,revisi,atur,menteri,dagang,permendag,nomor,tahun,tetap,harga,acu,beli,tingkat,tani,minta,sebut,dasar,beberapa,harga,acu,tetap,sesuai,kondisi,lapang,jadi,permendag,nomor,lebih,panas,baik,revisi,kalau,batal,jangan,revisi,pakai,bulog,kan,serap,jagung,si,tani,ujar,satu,diskusi,menteri,koordinator,bidang,ekonomi,jakarta,kamis,bagaimana,tahu,permendag,atur,beli,tingkat,tani,kadar,air,persen,patok,besar,rp,sementara,harga,acu,jual,tingkat,konsumen,sebesad,rp,dean,kata,selisih,harga,sebut,otomatis,mampu,tutup,biaya,butuh,jual,konsumen,misal,harga,jagung,kadar,air,persen,tingkat,tani,besar,rp,sementara,konversi,jagung,kadar,air,persen,butuh,biaya,lebih,tinggi,rp,harga,konversi,pipil,jagung,basah,kering,rp,konversi,jagung,biaya,produksi,memang,ngeringin,jagung,pakai,buruh,pakai,produksi,tegas,selain,tani,keluar,biaya,tambah,perlu,lain,ongkos,transportasi,terus,kirim,gudang,beli,biaya,transportasi,situ,jadi,rp,kadar,air,persen,biaya,produksi,biaya,transport,tandas,dia,tambah,total,biaya,biaya,keluar,konversi,hingga,transportasi,sebut,tani,sepenuh,ambil,untung,sebab,apabila,tani,ambil,untung,harga,jual,lebih,acu,tetap,perintah,tambah,untung,untung,jangan,besar,besar,lah,persen,lah,jadi,permendag,sendiri,angka,atas,sama,bawah,salah,salah,pungkas,reporter,dwi,aditya,putra,sumber,merdeka,com,presiden,joko,widodo,jokowi,debat,calon,presiden,capres,langsung,pekan,lalu,nyata,perintah,impor,besar,ton,impor,jagung,turun,banding,periode,belum,hal,benar,ketua,pusat,kaji,tani,pangan,advokasi,pataka,yeka,hendra,fatika,kata,dasar,data,menteri,tani,tan,impor,jagung,pakan,ternak,masa,pimpin,jokowi,memang,turun,tahun,tahun,meski,catat,turun,imbas,turun,jagung,dampak,salah,satu,kait,impor,gandum,sebab,impor,jagung,kendali,otomatis,ternak,cari,alternatif,pakan,ternak,jadi,kalau,pak,jokowi,bilang,hasil,turun,fakta,bukan,tetapi,pernah,buka,publik,impor,gandum,pakan,tingkat,jagung,kendali,ujar,diskusi,gelar,menteri,koordinator,bidang,ekonomi,jakarta,kamis,belum,juru,kampanye,nasional,prabowo,sandiaga,anggawira,kata,turun,impor,jagung,tak,ikut,komoditas,gandum,catat,jadi,naik,impor,gandum,bijak,henti,impor,jagung,sejak,perlu,industri,pakan,nyata,ikut,tingkat,impor,gandum,perlu,pakan,rata,rata,juta,ton,per,tahun,rp,triliun,kata,anggawira,reporter,dwi,aditya,putra,sumber,merdeka,com

upaya,tan,agar,harga,jagung,tetap,stabil,saat,panen,raya,harga,jagung,luncur,turun,meski,upaya,stabil,harga,tingkat,tani,namun,pek,akhir,harga,jagung,banyuwangi,anjlok,kisar,harga,rp,rp,per,kilogram,jika,hitung,untung,tani,biaya,operasional,makin,tinggi,kait,sebut,direktur,irigasi,tani,ditjen,prasarana,sarana,tani,rahmanto,kata,harga,turun,pengaruh,tren,produksi,ketidakmampuan,tani,simpan,jagung,waktu,lama,begitu,dagang,punya,batas,bukan,soal,simpan,jagung,beli,batas,harga,sewa,gudang,ikut,tambah,biaya,produksi,oleh,perintah,terus,upaya,bagai,cara,kena,masalah,harga,anjlok,tani,aman,keluh,keluh,tani,respon,bicara,terus,tingkat,pusat,harga,untung,semangat,tani,tetap,berbudidaya,jagung,tutur,rahmanto,rabu,salah,satu,upaya,laku,tunda,jual,produksi,jagung,langsung,jual,simpan,maka,usul,program,jaga,produksi,stabilitas,harga,dinas,tani,bisa,buat,gudang,gudang,simpan,olah,kami,bantu,mesin,ering,pipil,jelas,rahmanto,dengan,tani,rancang,olah,produksi,dulu,kemudian,simpan,keluar,sedikit,sedikit,kami,upaya,fasilitas,mesin,olah,gudang,bagai,tutur,rahmanto,aku,upaya,jangka,pendek,tengah,laku,perintah,libat,bulog,serap,jagung,meski,langkah,sebut,laku,sepenuh,gudang,bulog,penuh,serap,padi,tani,masih,proses,aksi,cepat,tanggap,sebut,upaya,lanjut,bentuk,korporasi,tani,luas,hampar,desa,barurejo,camat,siliragung,kabupaten,banyuwangi,capai,ribu,hektar,capai,skala,ekonomi,sistem,korporasi,terus,upaya,perintah,supaya,masyarakat,punya,kuat,tawar,baik,masuk,harga,tentu,sendiri,tani,kalau,harga,cocok,punya,gudang,sarana,olah,hasil,kami,simpan,kata,rahmanto,contoh,lmdh,lebak,banten,jadi,contoh,korporasi,tani,produktivitas,jagung,tingkat,jadi,delapan,ton,per,hektar,sistem,usaha,tani,atur,utuh,satu,manajemen,kawasan,korporasi,tani,kuat,lembaga,tani,akses,informasi,teknologi,prasarana,sarana,publik,modal,olah,pasar,masuk,kerjasama,perum,bulog,industri,pakan,jaga,stabilitas,harga,jagung,tuju,minat,tani,berbudidaya,jagung,terus,pelihara,rangka,dukung,tahan,pangan,indonesia,bantu,korporasi,tani,upa,alsintan,tanam,jagung,nanti,musim,hujan,mungkin,buat,embung,air,muka,ubah,waktu,tanam,tutup,rahmanto

manfaat,jagung,manis,bisa,cegah,alzheimer,baik,ibu,hamil,apakah,kamu,senang,mengonsumi,rasa,jagung,manis,tekstur,lembut,buat,sayur,bewarna,kuning,gari,banyak,orang,dari,bagai,kalang,usia,mulai,balita,hingga,lanjut,usia,selain,rasa,enak,jadi,sayur,mudah,temu,mudah,olah,kamu,olah,sederhana,cukup,rebus,atau,jadi,bagai,makan,lezat,rupa,tekstur,lembut,simpan,banyak,manfaat,jarang,tahu,untung,kamu,kamu,masuk,salah,satu,orang,senang,konsumsi,sayur,satu,pasal,jagung,kandung,vitamin,b,asam,folat,zat,besi,kandung,gizi,lain,sangat,guna,tubuh,mampu,cegah,anemia,cegah,alzheimer,selain,kamu,naik,berat,badan,kamu,konsumsi,jagung,salah,satu,makan,hari,hari,untuk,lebih,lengkap,simak,ikut,liput,com,rangkum,bagai,sumber,selasa,manfaat,jagung,baik,tubuh,manfaat,jagung,pertama,mecegah,sakit,wasir,wasir,rupa,suatu,kondisi,jadi,lebar,buluh,darah,lokasi,anus,buluh,darah,anus,lebar,seringkali,regang,hebat,tip,iritasi,dalam,fase,pasien,alami,rasa,sangar,sakit,darah,dengan,kandung,serat,tinggi,jagung,mampu,cegah,jadi,wasir,sehat,cerna,jaga,baik,sakit,asam,lambung,biar,perut,ada,kosong,lapar,tingkat,asam,lambung,jika,kamu,masuk,salah,satu,orang,kena,sakit,asam,lambung,kamu,konsumsi,jagung,rebus,hingga,buah,tingkat,asam,lambung,hindar,manfaat,jagung,kandung,karbohidrat,efektif,cegah,tingkat,asam,lambung,derita,asam,lambung,anjur,makan,asam,semperti,mangga,muda,mampu,tingkat,asam,lambung,nah,kamu,konsumsi,satu,buah,jagung,rebus,netral,asam,lambung,konsumsi,makan,asam,manfaat,jagung,tiga,ialah,mampu,lancar,cerna,jagung,kaya,serat,mampu,bantu,proses,cerna,turut,teliti,satu,porsi,jagung,penuh,butuh,persen,serat,hari,dengan,kandung,serat,jagung,lancar,cerna,jaga,kadar,gula,darah,tetap,stabil,jika,kamu,orang,atlet,senang,olahraga,serta,jagung,makan,hari,hari,jagung,kandung,karbohidrat,mampu,cerna,lebih,lambat,beri,energi,jangka,waktu,lebih,lama,satu,buah,jagung,hasil,gram,karbohidrat,sedia,energi,tubuh,guna,fungsi,otak,sistem,saraf,manfaat,jagung,lima,mampu,cegah,anemia,anemia,rupa,kondisi,mana,orang,milik,sel,darah,merah,jumlah,cukup,antar,oksigen,bagai,jaring,dapat,tubuh,alami,anemia,buat,orang,rasa,lelah,lemas,jika,kamu,sering,serang,anemia,kamu,konsumsi,jagung,lebih,sering,sebab,anemia,biasa,sebab,kondisi,kurang,vitamin,b,asam,folat,zat,besi,jagung,milik,tiga,kandung,sebut,sakit,alzheimer,pikun,rupa,kondisi,bagi,sel,sel,otak,fungsi,akibat,mampu,otak,turun,drastis,risiko,sakit,alzheimer,tingkat,iring,tambah,usia,dengan,konsumsi,jagung,mampu,cegah,alzheimer,jagung,kandung,thymine,bantu,fungsi,sel,sel,otak,fungksi,kognitif,senyawa,butuh,sintesis,asetilkolin,penting,memori,kait,fungsi,ingat,alzheimer,asam,folat,rupa,salah,satu,jenis,vitamin,b,zat,dapat,sayur,jagung,asam,folat,salah,satu,jenis,nutrisi,butuh,ibu,hamil,tak,si,ibu,asam,folat,nyata,bagus,tumbuh,kembang,janin,oleh,ibu,hamil,perlu,konsumsi,jagung,sebab,jagung,kaya,asam,folat,kandung,asam,folat,perlu,turun,risiko,bayi,lahir,cacat,manfaat,jagung,delap,ialah,antiaging,awet,muda,kandung,antioksidan,jagung,bantu,kurang,keriput,antioksidan,percaya,buat,kamu,hindar,sakit,sakit,bahaya,buat,kamu,jadi,awet,muda,mau,kan,awet,muda,konsumsi,jagung,kandung,antioksidan,kuat,helai,rambut,nah,kamu,alami,masalah,rambut,rontok,kamu,mengonsumi,jagung,rambut,lebih,kuat,selain,kandung,vitamin,e,tinggi,jagung,ampuh,hilang,bekas,jerawat,wajah,nah,artikel,atas,manfaat,jagung,kamu,tahu,dengan,konsumsi,jagung,kamu,dapat,kalori,sehat,kamu,dapat,jumlah,vitamin,serat,kualitas,baik,tubuh,moga,artikel,manfaat

ada,bakteri,bbkp,musnah,ton,bibit,jagung,asal,india,balai,besar,karantina,tani,bbkp,bandara,internasional,soekarno,hatta,musnah,enam,ton,asal,india,lantar,bibit,sebut,dapat,bakteri,pseudomonas,syringae,pv,syringae,bakteri,masuk,golong,a,tanggulang,indonesia,lanjur,sebar,tutur,kepala,badan,karantina,tani,ali,jamil,harahap,temu,kantor,bbkp,bandara,internasional,soekarno,hatta,sabtu,oleh,jalan,satu,satu,hasil,gagal,tugas,bbkp,segera,musnah,cara,bakar,benar,bibit,impor,bahaya,sebut,penuh,semua,syarat,administrasi,namun,masuk,kece,laboratorium,bibit,bawa,pt,metahelix,life,sciences,ltd,sebut,lolos,telah,laku,analisis,laboratorium,nyata,benih,asal,india,kandung,organisme,ganggu,tumbuh,karantina,optk,a,oleh,karena,sebar,tani,kata,ali,jamil,bila,lanjur,sebar,obat,tangkal,milik,indonesia,bakteri,sebut,rusak,lahan,tani,indonesia,kalau,lolos,tanam,jagung,dampak,sangat,besar,jangung,jagung,kena,sakit,lebih,fatal,lahan,lahan,tani,jangkit,bakteri,ujar,turut,jamil,pihak,sangat,serius,tangan,benih,jagung,bakteri,lebih,indonesia,laku,ekspor,jagung,lebih,program,tahan,pangan,jagung,tetutama,kita,ekspor,jagung,ungkap,musnah,sebut,saksi,dirjen,tanam,pangan,gatot,irianto,inspektorat,jendral,menteri,tani,justan,ridwan,siahaan,wakil,pt,metahelix,life,sciences,ltd,jajar,menteri,tani,dinas,tani,banten,sementara,riro,sutanto,wakil,pt,metahelix,life,sciences,ltd,aku,jadi,jadi,ajar,pihak,ini,jadi,ajar,semua,depan,lebih,hati,hati,tutur,dia,masalah,bila,enam,ton,bibit,jagung,asal,india,bawa,perusahaaannya,masuk,indonesia,nyata,langsung,musnah,lantar,kandung,bakteri,daripada,hancur,tani,negeri,lebih,baik,dimusnakan,semua,kita,bukan,kali,coba,pasu,bibit,indonesia,empat,kali,baru,begini,makanya,depan,terus,evaluasi,tutur,pramita,tristiawati,saksi,video,pilih,bawah

diet,guna,plastik,ala,melia,bal,sedot,hingga,kantung,sampah,sarung,bantal,sekali,pakai,rupa,masalah,besar,dunia,kampanye,besar,besar,kurang,pakai,plastik,hidup,hari,hari,ramai,gaung,aksi,nyata,laku,tak,kecuali,laku,hotel,melia,bal,pihak,hotel,lokasi,kawasan,nusa,dua,bal,inisiatif,guna,sedot,bahan,dasar,singkong,jagung,ganti,lama,guna,pada,muka,sedot,warna,hitam,sebut,tulis,kalimat,iamnotplastic,nyata,sedot,sebut,lebih,ramah,lingkung,dewi,karmawan,director,of,marketing,communication,melia,bal,terang,ganti,material,sedot,dasar,studi,sebut,sampah,sedot,plastik,hasil,indonesia,capai,juta,unit,per,tahun,di,sisi,bal,destinasi,wisata,dunia,imbas,polusi,sampah,plastik,sebut,kurang,lebih,kg,hasil,melia,bal,tahun,kata,dewi,lalu,surat,elektronik,beberapa,waktu,lalu,pihak,pilih,sedot,bahan,singkong,jagung,ganti,lebih,tahan,lama,banding,sedot,kertas,biaya,keluar,lebih,tinggi,sedot,sebut,sedia,otomatis,semua,jenis,minum,butuh,program,diet,guna,plastik,tak,henti,ubah,guna,material,sedot,melia,bal,henti,guna,botol,air,kemas,tamu,ganti,tawar,botol,minum,aluminium,guna,ulang,kali,untuk,dapat,tamu,beli,hotel,tetapi,bila,tak,minat,beli,anda,guna,gelas,sedia,kamar,minum,galon,sedia,beberapa,sudut,hotel,ide,diet,plastik,lain,tiru,guna,kain,lapis,bagi,tempat,sampah,kamar,tamu,guna,material,lebih,ramah,lingkung,kotak,bekal,hingga,guna,eco,cup,alih,alih,gelas,plastik,tempat,spa,kid,s,club,hingga,ruang,olahraga,dewi,sebut,pihak,tak,sedia,butter,kemas,kecil,taruh,piring,keramik,massal,tuju,kurang,sampah,plastik,kemas,butter,bahkan,tukang,kebun,kini,tak,guna,kantung,sampah,plastik,tampung,dedaunan,sampah,kebun,lain,pihak,hotel,manfaat,sarung,bantal,bekas,ganti,fungsi,kantung,plastik,jauh,tamu,mensupport,program,ramah,lingkung,jalan,sini,kata,bahkan,program,langsung,jalan,melia,oleh,jumlah,harga,masuk,unwto,earthcheck,master,achievement,award,jadi,anda,mau,praktik,salah,satu,program,rumah